Age,Gender,edu_level,EP1,EP2,EP3,EP4,EP5,SCTB1,SCTB2,SCTB3,SCTB4,SCTB5,CR1,CR2,CR3,T1,T2,T3,T4,PS1,PS2,PS3,PS4,PS5
24,2,5,4,4,5,5,5,1,1,1,1,5,4,5,5,4,4,5,4,5,4,3,4,4
35,1,4,1,5,3,3,5,5,5,3,3,3,4,5,4,5,4,5,5,5,5,5,5,5
18,2,3,5,5,5,5,5,3,4,3,3,3,4,5,4,4,4,4,4,4,5,4,4,4
22,2,4,4,4,4,3,4,4,4,5,5,5,3,4,4,5,3,4,4,4,4,4,4,4
27,1,5,5,5,5,3,5,1,1,1,5,5,5,5,5,5,5,5,5,5,5,5,5,5
42,2,3,5,5,5,5,5,5,5,5,5,5,5,5,5,5,3,5,3,5,5,5,5,5
34,1,5,3,3,3,3,3,3,3,3,3,3,1,3,3,3,3,3,3,3,3,3,3,3
52,2,4,4,3,3,3,3,2,1,2,2,4,4,4,4,4,4,4,4,4,4,4,4,4
18,2,4,5,5,5,5,5,1,3,3,3,3,5,5,5,5,5,5,5,5,5,4,5,5
29,2,5,5,5,5,5,5,3,3,4,4,5,4,3,3,5,4,5,4,5,4,4,4,4
40,2,5,5,5,5,5,5,3,3,4,3,2,5,5,5,5,4,5,5,4,5,4,4,4
40,1,4,5,5,5,5,5,5,5,5,5,5,5,5,5,5,5,5,5,5,5,5,5,5
29,2,4,4,5,5,5,4,4,5,3,4,5,4,4,4,4,4,5,5,5,5,4,4,5
27,1,4,5,5,5,5,5,1,1,1,1,1,4,4,4,4,4,4,5,4,5,5,5,5
41,2,5,4,5,5,5,5,5,5,5,5,5,5,5,5,5,5,5,5,5,5,4,4,3
45,2,3,5,5,5,5,5,1,5,3,3,5,5,5,5,5,5,5,5,5,5,5,5,5
29,2,4,5,5,5,5,5,5,3,4,5,5,4,5,5,4,4,5,5,5,5,5,4,5
50,1,2,5,5,5,5,5,3,3,3,3,3,5,5,5,5,5,5,5,5,5,4,5,5
33,2,5,5,5,5,5,5,5,5,5,5,5,5,5,5,5,5,5,5,5,5,5,5,5
22,2,4,4,3,4,4,4,2,1,1,1,1,3,4,4,4,4,4,4,4,4,4,3,4
35,2,3,4,4,4,4,5,3,3,4,5,5,5,5,3,5,4,4,5,4,5,5,5,5
18,2,3,5,4,5,5,5,5,5,5,5,5,5,5,5,5,4,5,5,4,5,4,5,5
21,1,4,5,5,5,5,5,5,5,5,5,5,5,5,5,5,5,5,5,5,5,5,5,5
19,1,4,4,4,4,4,4,5,4,4,5,5,4,3,4,3,3,3,3,3,4,2,3,3
19,1,3,4,3,2,3,4,1,1,3,2,1,3,4,3,3,3,4,4,3,2,3,4,3
20,2,4,5,3,5,5,5,1,1,1,5,5,5,3,5,5,4,5,5,5,5,5,5,5
21,1,4,4,2,3,4,3,1,1,1,1,3,3,3,3,3,3,3,4,3,3,3,2,3
25,2,4,5,5,5,5,5,5,5,5,5,5,5,5,5,5,4,4,5,5,5,5,5,5
38,2,3,3,3,3,3,4,4,3,3,3,3,4,4,4,4,4,4,4,4,3,3,3,3
23,2,4,5,5,5,5,5,2,3,2,5,5,3,4,2,5,5,5,5,5,5,5,5,5
20,2,4,5,2,5,4,3,5,2,3,4,2,5,4,5,4,3,5,5,5,4,4,4,3
19,2,4,5,5,5,5,5,4,3,2,2,4,5,5,4,5,5,5,5,5,5,4,4,5
18,2,3,5,5,3,4,3,3,4,4,2,1,3,3,4,3,2,2,5,5,4,4,4,5
45,2,4,4,4,5,4,4,3,3,4,3,3,4,4,4,4,4,4,4,3,3,3,4,3
57,2,4,2,3,3,3,3,3,3,3,3,3,2,3,3,2,2,2,2,1,1,1,1,1
53,2,5,5,5,5,5,5,2,3,3,5,5,4,4,4,5,3,3,5,4,4,4,3,4
49,1,5,5,5,5,5,5,1,1,1,5,5,5,5,5,5,5,5,5,5,5,5,5,5
48,2,5,5,5,5,5,5,1,1,1,2,3,5,5,5,4,3,5,5,5,5,4,4,4
38,2,5,4,3,4,4,4,3,3,3,3,3,2,4,2,4,4,4,5,4,4,4,4,4
23,2,4,5,5,5,5,5,1,1,1,2,1,5,5,5,5,5,5,5,5,5,5,5,5
18,2,3,5,5,5,5,5,5,5,5,5,5,5,5,5,5,5,5,5,5,5,5,5,5
18,2,3,5,2,2,2,1,2,1,5,5,5,5,5,5,5,5,5,5,5,5,5,5,5
51,2,5,3,5,4,4,4,4,4,3,5,3,4,4,5,4,3,5,5,4,4,3,3,4
42,2,5,5,5,5,5,5,3,1,1,1,5,5,5,5,5,5,5,5,5,5,5,5,5
43,2,4,4,3,4,4,3,2,2,2,2,2,2,2,1,3,3,3,2,3,3,3,3,3
31,1,5,5,5,5,5,4,4,5,4,4,4,5,4,5,4,5,4,5,5,4,4,4,4
53,1,5,3,4,3,3,3,1,1,3,3,1,4,3,3,4,4,4,3,3,2,2,2,1
33,2,5,5,5,5,5,5,3,3,3,3,2,4,5,5,5,5,5,5,4,4,4,4,4
37,1,5,2,2,3,2,2,1,1,1,1,1,1,3,3,4,2,3,5,3,3,3,3,3
20,1,4,3,2,2,3,2,5,5,5,5,5,5,3,5,5,4,5,5,4,5,3,3,4
25,1,4,5,5,5,5,5,3,3,5,5,5,4,4,5,5,4,4,3,4,5,4,5,5
39,2,4,5,5,5,5,5,4,4,4,3,5,5,5,5,5,5,5,5,5,5,5,5,5
35,2,4,5,5,5,4,4,5,5,4,5,5,3,5,5,5,5,5,5,4,5,4,4,5
41,1,5,5,4,4,4,5,1,1,5,5,5,1,5,5,5,5,5,5,5,5,5,5,5
22,2,3,4,5,5,5,3,2,2,2,4,2,2,4,4,4,4,4,4,4,3,3,3,4
35,2,4,5,5,5,5,5,5,5,5,5,5,3,5,5,5,5,5,5,5,5,4,5,5
34,2,4,5,5,5,5,4,5,5,3,5,5,5,5,5,5,5,5,5,5,5,4,5,5
30,2,4,4,3,4,4,4,3,2,2,2,5,4,4,5,5,3,4,4,4,4,5,4,4
19,2,3,5,5,5,5,5,3,2,2,4,2,2,5,4,4,4,5,5,4,4,5,4,4
23,2,4,4,5,5,4,5,4,4,5,5,5,4,4,5,4,5,4,5,4,5,4,5,5
25,1,4,4,4,1,2,2,3,2,4,4,3,1,4,5,3,3,3,4,3,4,3,3,3
53,2,5,1,1,1,1,1,2,3,1,5,5,1,1,2,1,1,1,1,1,1,1,1,1
30,1,4,5,5,5,5,5,5,5,5,5,5,5,5,5,4,4,4,5,5,5,4,4,4
27,1,4,5,5,4,4,4,3,2,3,3,3,3,3,3,4,4,3,3,5,3,4,3,3
36,1,4,4,4,3,4,4,4,2,2,2,2,4,4,3,3,3,4,4,4,4,4,4,4
47,1,3,2,4,2,2,5,4,3,1,5,5,1,2,2,2,4,2,2,2,2,1,1,1
25,1,4,4,4,4,4,3,5,5,4,5,5,4,4,4,4,5,5,4,4,4,2,4,4
29,2,4,5,5,5,5,5,5,5,2,5,5,3,3,3,5,5,5,5,3,3,4,4,3
23,1,4,5,5,5,5,5,4,4,5,4,4,4,5,4,5,4,5,5,5,4,5,4,4
21,2,4,4,4,4,4,4,3,3,2,3,2,2,3,4,4,3,4,4,4,3,4,4,4
45,2,3,5,3,4,5,4,4,3,4,5,5,5,4,4,5,4,5,5,5,5,4,4,4
34,1,4,5,5,5,5,5,5,5,5,5,5,5,5,5,4,4,4,5,5,5,5,5,5
32,1,4,5,5,5,4,5,3,3,3,3,3,5,5,4,5,4,5,5,4,4,5,5,5
18,2,3,3,3,3,4,4,2,3,4,3,4,4,3,4,4,3,3,4,4,3,3,4,3
21,2,4,5,5,5,5,5,3,1,1,1,1,4,3,4,4,4,5,5,5,5,5,5,5
20,2,4,5,5,5,5,4,1,1,3,2,5,5,5,5,5,5,5,5,5,5,4,5,5
25,2,4,3,3,3,4,3,3,3,3,3,3,2,3,3,3,3,3,3,3,3,3,3,3
43,1,4,4,3,4,4,4,4,3,3,3,3,3,4,4,4,4,4,5,4,4,3,3,3
56,2,5,4,4,4,4,4,3,3,3,3,3,4,4,4,4,4,4,5,4,4,4,4,4
37,2,5,4,5,5,4,5,3,4,4,4,5,3,4,4,3,4,4,4,4,4,4,4,5
40,2,4,4,5,4,4,4,4,4,4,4,4,3,5,4,5,5,5,5,5,5,5,5,5
46,2,4,5,4,4,4,4,1,1,1,1,2,1,5,2,4,1,4,3,3,4,4,4,4
37,1,4,3,3,3,3,3,4,4,5,4,4,2,3,2,3,3,3,4,3,3,4,4,4
34,1,5,5,4,5,5,4,2,2,5,5,2,4,4,4,4,4,4,4,4,4,3,4,4
45,2,4,4,4,5,5,4,5,5,3,3,4,4,2,4,3,3,3,3,5,4,4,4,4
21,2,4,5,5,5,5,4,5,5,5,5,5,5,5,5,5,5,5,5,5,5,5,5,5
19,1,4,5,5,5,5,4,3,2,2,3,4,5,5,5,4,4,4,5,5,5,3,4,3
20,2,4,5,5,4,4,5,3,3,3,3,3,5,5,5,4,4,4,5,4,4,5,5,5
21,1,4,4,5,5,4,5,5,2,3,3,3,5,5,5,4,4,4,5,5,5,5,5,5
20,1,4,4,5,4,4,4,5,4,5,5,5,4,5,4,5,5,5,5,5,4,5,4,5
25,1,4,5,5,5,5,5,1,1,5,2,3,5,5,5,5,5,5,5,5,5,5,5,4
20,1,4,5,5,5,5,5,1,5,5,5,5,5,5,5,5,4,5,5,4,4,5,4,4
21,1,4,5,5,5,5,5,1,5,5,5,5,5,5,5,5,5,5,5,5,5,5,5,5
20,1,4,4,5,4,4,4,2,3,4,3,4,5,5,5,5,4,5,5,5,4,5,4,4
20,2,4,4,5,4,4,4,2,2,2,3,3,5,4,4,4,3,4,5,4,4,4,4,4
22,2,4,5,3,4,4,4,1,1,1,1,1,2,4,2,5,5,5,5,4,4,4,4,4
43,1,5,3,3,4,3,5,5,5,5,5,5,3,4,3,4,4,4,4,4,4,4,4,3
44,1,5,1,1,1,1,1,2,3,2,5,1,2,2,3,4,4,4,4,4,4,3,3,3
38,2,5,4,4,4,5,4,5,2,3,3,4,3,4,4,3,3,4,4,4,4,3,5,4
44,1,5,5,5,5,5,5,3,2,2,2,3,5,5,5,5,5,5,5,5,5,5,5,5
23,1,4,5,5,5,5,5,2,1,2,2,2,5,4,5,5,4,5,5,5,5,5,5,5
44,1,5,3,2,3,2,2,3,2,3,4,4,2,2,2,3,3,3,3,3,3,2,2,2
24,1,4,5,5,5,5,5,3,2,1,2,5,4,4,5,5,4,4,5,5,5,5,4,4
34,1,4,5,4,5,5,5,1,2,1,5,3,5,5,5,5,5,5,5,5,5,5,5,5
33,1,4,5,5,5,5,5,5,5,5,5,5,4,4,4,5,5,5,5,5,5,5,5,5
27,1,4,5,5,5,5,5,5,5,5,5,5,5,5,5,5,5,5,5,5,5,5,5,5
30,1,4,4,5,5,5,5,5,5,5,5,5,5,5,5,5,5,5,5,5,5,5,5,5
31,2,4,5,5,5,5,5,4,2,1,2,4,4,3,3,4,5,5,5,4,3,3,4,5
36,1,4,5,5,5,5,5,1,1,2,2,1,5,5,5,5,5,5,5,5,5,5,5,5
25,2,3,4,5,4,5,4,5,3,5,5,5,5,5,5,5,5,5,4,5,5,4,4,4
19,1,4,3,3,3,3,3,1,2,1,2,4,2,3,3,3,3,3,4,3,3,3,3,3
21,2,4,5,5,5,4,5,4,4,1,1,3,4,5,5,5,5,5,5,5,5,5,5,5
26,2,4,5,5,5,5,5,4,4,5,4,5,5,5,5,5,5,5,5,5,5,5,5,5
25,1,4,3,5,4,3,3,5,5,5,5,5,3,4,4,4,4,4,4,4,4,4,4,3
26,1,5,4,5,5,5,5,3,3,2,3,3,4,4,5,5,4,5,5,5,4,5,5,4
29,2,4,3,3,4,4,3,1,1,2,3,3,3,3,2,3,3,4,4,4,2,3,3,4
24,2,4,5,5,5,5,5,5,3,4,4,5,3,4,4,5,3,4,4,4,4,5,4,4
23,2,4,5,4,5,4,3,1,1,2,1,1,3,4,3,3,3,4,5,4,5,4,4,4
20,2,4,4,4,5,4,4,5,4,4,4,3,4,4,4,3,4,3,4,4,5,4,5,4
20,2,4,5,5,5,5,5,4,4,4,5,4,5,4,5,4,4,5,5,5,5,4,5,4
38,1,4,5,5,5,5,4,2,2,3,3,4,4,4,4,5,4,4,4,4,4,3,4,4
20,1,4,4,4,4,3,3,2,3,3,3,2,2,3,3,4,3,4,3,4,3,4,4,5
32,1,5,5,5,5,5,5,5,5,5,5,5,5,5,5,5,5,5,5,5,5,5,5,5
26,1,4,4,5,4,5,5,2,2,4,4,4,2,4,3,4,4,5,5,4,4,4,3,4
48,2,5,3,5,5,5,4,1,5,5,5,5,4,4,3,3,4,3,3,3,3,2,2,1
33,2,5,4,5,5,4,3,1,1,1,4,5,3,5,5,4,4,4,5,3,4,2,3,2
23,1,4,5,4,4,4,4,3,4,5,4,5,3,4,4,4,4,4,5,5,4,4,4,4
18,1,4,4,3,4,5,5,5,5,5,5,5,5,5,5,5,5,5,5,5,5,5,5,5
19,2,4,5,5,4,5,4,2,1,2,2,2,4,3,4,4,5,4,5,5,4,4,5,5
25,2,4,4,5,5,5,4,1,2,3,4,2,5,3,4,4,4,3,5,3,3,1,3,4
22,2,4,5,2,3,4,5,1,3,3,4,4,5,4,4,4,4,5,5,5,5,5,5,5
21,1,4,2,3,3,3,3,2,2,2,2,2,3,3,3,4,4,3,4,4,4,3,4,3
21,2,4,2,2,3,3,5,1,1,1,1,4,3,2,1,3,2,3,4,3,3,3,3,3
26,1,4,4,5,5,4,4,1,2,1,1,1,5,3,3,5,5,5,5,5,5,5,3,3
20,2,4,5,5,5,5,5,5,5,1,1,5,5,5,5,4,3,5,5,5,5,5,5,5
18,2,4,5,5,5,5,5,3,4,3,3,3,5,5,5,5,5,5,5,5,5,5,5,5
21,2,4,3,4,4,4,3,5,2,3,3,3,4,4,5,4,3,3,4,4,4,4,3,3
21,2,3,5,5,5,5,5,1,1,1,2,1,3,5,3,4,3,5,5,5,5,2,4,5
20,2,4,5,5,5,5,4,1,1,1,1,1,5,5,5,5,5,5,5,5,5,5,5,5
21,2,3,4,4,5,4,5,3,4,4,4,5,5,5,4,4,5,4,4,4,4,4,4,5
20,1,4,3,4,3,3,3,3,3,3,3,3,3,3,3,4,4,4,4,3,3,3,3,1
23,1,4,5,4,4,5,5,5,5,5,5,5,5,5,5,4,4,4,5,5,5,5,5,5
25,2,3,5,5,5,5,5,5,5,5,5,5,3,5,3,5,4,4,5,3,4,4,4,4
23,2,4,3,4,4,4,4,1,2,3,3,3,3,3,4,4,4,5,4,3,4,4,3,4
19,2,4,5,5,5,5,1,5,5,5,5,5,1,3,5,5,5,5,5,5,5,5,5,5
29,1,5,3,2,2,2,3,4,5,5,5,5,5,5,5,5,5,5,5,5,5,4,4,4
23,1,4,4,5,4,4,4,4,3,4,4,4,4,3,4,4,3,4,4,4,4,4,4,4
21,1,4,5,3,5,5,5,1,1,1,2,3,3,5,4,4,4,5,5,4,5,5,5,5
23,2,4,5,5,5,5,5,3,3,3,2,5,5,5,5,5,5,5,5,5,5,5,5,5
20,2,4,5,5,5,5,5,5,1,5,5,2,4,5,5,5,4,5,5,5,4,5,5,5
23,2,4,4,4,4,4,4,3,3,3,3,3,4,4,4,4,4,4,4,4,4,4,4,4
19,2,3,2,4,4,3,4,3,4,2,4,4,4,4,4,5,5,4,5,4,5,5,4,4
19,1,3,5,5,5,4,4,4,2,5,4,5,4,3,4,5,5,4,5,4,5,3,5,5
36,2,4,5,5,5,5,5,1,2,1,2,2,5,5,5,5,5,5,5,5,5,5,5,5
41,1,2,5,5,5,5,5,5,5,5,5,5,5,5,5,5,5,5,5,5,5,1,5,5
21,2,4,5,4,4,4,4,5,5,5,5,5,5,5,5,5,4,5,5,5,5,5,4,5
20,2,4,4,5,4,4,4,4,4,5,5,5,5,4,5,5,5,5,5,5,5,5,5,5
19,2,4,5,5,5,5,5,5,4,4,4,5,5,5,5,5,4,5,5,5,5,5,5,5
19,2,4,3,4,4,4,4,3,2,2,2,2,3,3,4,3,3,3,4,3,4,4,4,4
21,1,4,4,5,4,5,4,4,3,1,1,3,4,3,4,4,3,4,4,4,4,3,4,3
20,1,4,5,5,5,5,5,5,5,5,5,5,5,2,4,5,5,5,5,5,5,5,5,5
22,2,4,5,5,4,5,3,3,3,2,2,5,4,4,4,5,3,4,4,4,4,4,5,5
21,2,4,5,3,5,5,5,2,1,1,1,1,5,4,5,5,5,5,5,5,5,4,5,2
39,1,5,5,2,5,5,4,3,3,5,5,5,5,5,5,5,5,5,4,5,5,4,4,4
63,1,4,5,5,5,5,5,3,3,2,3,3,5,5,5,4,5,4,5,5,5,5,5,5
20,2,4,4,5,4,4,4,4,5,5,5,5,5,5,5,4,4,4,4,5,4,4,4,4
21,2,3,5,5,5,4,5,2,3,3,2,4,5,4,4,4,3,3,5,4,3,4,4,5
22,2,4,3,3,3,3,3,5,5,5,5,5,3,3,3,3,3,3,3,3,3,3,3,3
18,2,3,4,4,5,5,5,4,5,5,4,4,5,5,5,5,5,5,5,5,5,5,5,4
21,1,4,5,5,5,5,5,3,1,1,3,3,5,5,5,5,4,4,4,4,5,4,4,5
19,1,3,4,5,5,4,5,1,1,1,2,2,2,2,4,4,3,4,4,3,3,3,4,3
22,1,3,5,5,5,5,5,3,3,4,3,3,2,4,2,3,3,4,5,5,5,4,5,5
19,2,3,3,5,5,5,5,5,5,2,2,3,2,5,5,2,1,3,3,2,3,2,3,2
21,1,3,2,2,2,2,3,3,1,1,1,1,2,2,2,3,3,3,3,2,3,3,3,3
21,2,4,4,5,4,3,4,1,1,1,1,3,5,5,5,5,5,4,5,4,5,5,5,5
19,1,3,5,5,5,5,5,5,5,5,5,5,5,5,5,5,5,5,5,5,5,5,5,5
27,1,4,4,4,3,4,3,5,2,4,2,2,3,3,3,3,4,4,3,4,4,4,4,4
25,2,4,4,4,4,4,4,3,3,1,2,1,1,1,3,3,2,3,4,3,4,3,3,3
25,2,4,4,4,4,5,5,1,1,1,1,1,2,5,5,5,5,5,5,4,5,5,5,5
25,2,3,5,5,5,5,5,3,3,3,3,3,5,5,5,5,5,5,5,5,5,5,5,5
18,1,4,4,5,5,4,4,5,2,1,3,3,4,4,4,4,4,4,4,3,4,4,4,5
18,1,4,5,4,5,5,5,3,1,5,5,1,5,4,5,5,3,4,5,4,5,5,5,5
20,1,4,5,5,5,5,5,1,1,2,2,1,2,3,2,4,4,3,3,5,5,5,5,5
20,2,3,4,4,3,4,4,4,4,4,5,4,5,5,5,5,5,5,5,4,3,4,4,3
22,2,4,5,4,5,5,5,3,2,3,3,2,5,5,5,5,5,5,5,5,5,5,5,5
20,2,4,5,5,5,5,5,4,4,3,3,4,4,3,4,4,4,4,5,4,4,4,4,4
19,1,3,5,5,5,5,3,1,2,2,2,2,5,5,3,3,3,5,5,3,5,4,5,5
21,1,4,5,5,5,5,5,1,1,1,3,3,4,3,3,4,4,4,4,5,5,5,5,5
24,1,4,4,5,5,5,5,4,4,5,5,4,4,4,4,5,4,4,4,5,5,5,5,5
21,2,4,3,2,2,3,3,1,1,2,2,4,1,3,2,2,3,3,3,1,1,1,1,4
21,1,3,3,3,3,4,3,3,2,3,3,3,5,5,5,4,4,4,5,3,4,3,3,3
78,2,1,5,5,5,5,5,5,5,5,5,5,5,5,5,5,5,5,5,5,5,5,5,5
20,1,3,5,4,5,5,4,3,4,5,4,3,1,3,2,4,3,4,3,4,4,4,3,4
21,2,3,4,4,3,4,3,5,5,3,3,3,5,5,5,5,4,5,5,4,5,5,5,5
19,1,4,4,4,4,3,2,3,3,4,3,3,4,4,5,5,5,5,5,5,5,5,5,5
20,2,3,5,5,5,5,2,1,1,1,3,5,5,3,5,5,4,5,5,5,5,1,4,5
24,2,3,3,4,4,4,2,3,2,2,2,3,3,4,4,4,4,4,3,4,4,3,3,3
20,1,3,4,4,4,4,3,3,3,3,4,3,4,4,4,5,4,4,4,4,4,3,3,3
24,2,4,5,5,5,5,5,2,4,4,5,4,5,5,5,5,5,5,5,5,5,5,5,5
18,2,3,4,4,4,4,4,5,4,4,4,4,4,4,4,5,4,5,4,4,4,3,4,3
21,2,3,5,5,5,5,5,3,4,3,5,5,5,5,5,5,5,5,5,5,5,3,4,4
20,1,4,5,5,5,5,5,4,5,5,5,5,4,3,3,4,4,4,4,5,5,5,5,5
22,1,3,4,3,3,3,4,4,3,4,3,3,4,4,4,2,3,4,3,4,2,4,4,4
21,2,4,5,5,5,5,5,5,4,2,4,4,4,5,4,5,4,5,5,5,5,5,4,5
21,2,4,4,4,4,5,4,3,2,2,3,2,5,5,5,5,4,5,5,5,4,4,4,4
20,2,4,4,5,5,5,4,4,3,4,4,4,4,5,5,5,5,4,5,4,4,4,5,4
18,1,3,5,5,5,5,5,4,4,4,4,4,5,5,5,5,5,5,5,5,5,5,5,5
22,2,4,3,4,4,4,5,4,4,3,5,4,4,4,5,5,5,5,5,4,3,2,5,3
30,2,5,5,5,5,5,5,1,1,1,1,1,5,5,5,5,5,5,5,5,5,5,5,5
21,2,4,3,4,3,3,3,3,4,3,4,3,3,3,3,4,4,4,4,3,3,3,4,3
22,1,3,4,4,4,4,4,1,1,1,1,1,3,4,4,4,4,4,4,4,4,4,4,4
21,1,2,3,4,5,5,5,1,1,4,3,4,2,4,4,4,3,3,3,4,5,3,5,4
19,1,4,5,5,5,5,5,1,1,1,1,1,5,5,5,5,5,5,5,5,5,1,5,5
19,1,4,5,5,5,5,5,1,1,1,1,1,5,5,5,5,5,5,5,5,5,1,5,5
21,2,4,3,3,3,3,3,3,3,3,3,3,2,2,2,2,2,2,2,3,3,3,3,3
20,1,3,5,5,5,5,5,3,3,2,2,3,3,5,5,4,5,5,5,5,5,4,5,5
18,1,4,5,5,5,5,5,5,5,4,4,5,5,5,5,5,5,5,5,5,5,5,5,5
20,1,3,4,3,4,3,4,4,3,4,4,4,3,4,3,4,4,4,4,4,4,4,4,4
21,2,3,4,4,5,4,4,5,4,4,4,4,5,3,5,4,4,5,5,4,4,4,5,5
19,2,4,5,5,5,5,4,2,1,1,1,4,5,5,5,4,4,5,5,5,5,5,4,5
18,1,3,5,5,5,5,4,3,3,3,3,5,2,4,4,2,2,2,4,4,4,5,5,5
20,2,4,5,5,5,5,5,4,4,5,4,4,5,5,4,5,5,5,5,5,5,5,5,5
19,1,4,5,5,5,5,5,2,2,2,1,3,5,5,5,5,4,4,5,5,5,5,5,5
19,1,3,5,5,5,5,5,3,3,2,4,4,3,2,2,3,3,3,4,4,5,4,4,5
21,2,3,5,5,5,4,5,2,3,3,2,4,5,4,4,4,3,3,5,4,3,4,4,5
22,2,4,3,3,3,3,3,5,5,5,5,5,3,3,3,3,3,3,3,3,3,3,3,3
18,2,3,4,4,5,5,5,4,5,5,4,4,5,5,5,5,5,5,5,5,5,5,5,4
21,1,4,5,5,5,5,5,3,1,1,3,3,5,5,5,5,4,4,4,4,5,4,4,5
19,1,3,4,5,5,4,5,1,1,1,2,2,2,2,4,4,3,4,4,3,3,3,4,3
22,1,3,5,5,5,5,5,3,3,4,3,3,2,4,2,3,3,4,5,5,5,4,5,5
19,2,3,3,5,5,5,5,5,5,2,2,3,2,5,5,2,1,3,3,2,3,2,3,2
21,1,3,2,2,2,2,3,3,1,1,1,1,2,2,2,3,3,3,3,2,3,3,3,3
21,2,4,4,5,4,3,4,1,1,1,1,3,5,5,5,5,5,4,5,4,5,5,5,5
19,1,3,5,5,5,5,5,5,5,5,5,5,5,5,5,5,5,5,5,5,5,5,5,5
27,1,4,4,4,3,4,3,5,2,4,2,2,3,3,3,3,4,4,3,4,4,4,4,4
25,2,4,4,4,4,4,4,3,3,1,2,1,1,1,3,3,2,3,4,3,4,3,3,3
25,2,4,4,4,4,5,5,1,1,1,1,1,2,5,5,5,5,5,5,4,5,5,5,5
25,2,3,5,5,5,5,5,3,3,3,3,3,5,5,5,5,5,5,5,5,5,5,5,5
18,1,4,4,5,5,4,4,5,2,1,3,3,4,4,4,4,4,4,4,3,4,4,4,5
18,1,4,5,4,5,5,5,3,1,5,5,1,5,4,5,5,3,4,5,4,5,5,5,5
20,1,4,5,5,5,5,5,1,1,2,2,1,2,3,2,4,4,3,3,5,5,5,5,5
20,2,3,4,4,3,4,4,4,4,4,5,4,5,5,5,5,5,5,5,4,3,4,4,3
22,2,4,5,4,5,5,5,3,2,3,3,2,5,5,5,5,5,5,5,5,5,5,5,5
20,2,4,5,5,5,5,5,4,4,3,3,4,4,3,4,4,4,4,5,4,4,4,4,4
19,1,3,5,5,5,5,3,1,2,2,2,2,5,5,3,3,3,5,5,3,5,4,5,5
21,1,4,5,5,5,5,5,1,1,1,3,3,4,3,3,4,4,4,4,5,5,5,5,5
24,1,4,4,5,5,5,5,4,4,5,5,4,4,4,4,5,4,4,4,5,5,5,5,5
21,2,4,3,2,2,3,3,1,1,2,2,4,1,3,2,2,3,3,3,1,1,1,1,4
21,1,3,3,3,3,4,3,3,2,3,3,3,5,5,5,4,4,4,5,3,4,3,3,3
78,2,1,5,5,5,5,5,5,5,5,5,5,5,5,5,5,5,5,5,5,5,5,5,5
20,1,3,5,4,5,5,4,3,4,5,4,3,1,3,2,4,3,4,3,4,4,4,3,4
21,2,3,4,4,3,4,3,5,5,3,3,3,5,5,5,5,4,5,5,4,5,5,5,5
19,1,4,4,4,4,3,2,3,3,4,3,3,4,4,5,5,5,5,5,5,5,5,5,5
20,2,3,5,5,5,5,2,1,1,1,3,5,5,3,5,5,4,5,5,5,5,1,4,5
24,2,3,3,4,4,4,2,3,2,2,2,3,3,4,4,4,4,4,3,4,4,3,3,3
20,1,3,4,4,4,4,3,3,3,3,4,3,4,4,4,5,4,4,4,4,4,3,3,3
24,2,4,5,5,5,5,5,2,4,4,5,4,5,5,5,5,5,5,5,5,5,5,5,5
18,2,3,4,4,4,4,4,5,4,4,4,4,4,4,4,5,4,5,4,4,4,3,4,3
21,2,3,5,5,5,5,5,3,4,3,5,5,5,5,5,5,5,5,5,5,5,3,4,4
20,1,4,5,5,5,5,5,4,5,5,5,5,4,3,3,4,4,4,4,5,5,5,5,5
22,1,3,4,3,3,3,4,4,3,4,3,3,4,4,4,2,3,4,3,4,2,4,4,4
21,2,4,5,5,5,5,5,5,4,2,4,4,4,5,4,5,4,5,5,5,5,5,4,5
21,2,4,4,4,4,5,4,3,2,2,3,2,5,5,5,5,4,5,5,5,4,4,4,4
20,2,4,4,5,5,5,4,4,3,4,4,4,4,5,5,5,5,4,5,4,4,4,5,4
18,1,3,5,5,5,5,5,4,4,4,4,4,5,5,5,5,5,5,5,5,5,5,5,5
22,2,4,3,4,4,4,5,4,4,3,5,4,4,4,5,5,5,5,5,4,3,2,5,3
30,2,5,5,5,5,5,5,1,1,1,1,1,5,5,5,5,5,5,5,5,5,5,5,5
21,2,4,3,4,3,3,3,3,4,3,4,3,3,3,3,4,4,4,4,3,3,3,4,3
22,1,3,4,4,4,4,4,1,1,1,1,1,3,4,4,4,4,4,4,4,4,4,4,4
21,1,2,3,4,5,5,5,1,1,4,3,4,2,4,4,4,3,3,3,4,5,3,5,4
19,1,4,5,5,5,5,5,1,1,1,1,1,5,5,5,5,5,5,5,5,5,1,5,5
19,1,4,5,5,5,5,5,1,1,1,1,1,5,5,5,5,5,5,5,5,5,1,5,5
21,2,4,3,3,3,3,3,3,3,3,3,3,2,2,2,2,2,2,2,3,3,3,3,3
20,1,3,5,5,5,5,5,3,3,2,2,3,3,5,5,4,5,5,5,5,5,4,5,5
18,1,4,5,5,5,5,5,5,5,4,4,5,5,5,5,5,5,5,5,5,5,5,5,5
20,1,3,4,3,4,3,4,4,3,4,4,4,3,4,3,4,4,4,4,4,4,4,4,4
45,2,3,5,3,4,5,4,4,3,4,5,5,5,4,4,5,4,5,5,5,5,4,4,4
34,1,4,5,5,5,5,5,5,5,5,5,5,5,5,5,4,4,4,5,5,5,5,5,5
32,1,4,5,5,5,4,5,3,3,3,3,3,5,5,4,5,4,5,5,4,4,5,5,5
18,2,3,3,3,3,4,4,2,3,4,3,4,4,3,4,4,3,3,4,4,3,3,4,3
21,2,4,5,5,5,5,5,3,1,1,1,1,4,3,4,4,4,5,5,5,5,5,5,5
20,2,4,5,5,5,5,4,1,1,3,2,5,5,5,5,5,5,5,5,5,5,4,5,5
25,2,4,3,3,3,4,3,3,3,3,3,3,2,3,3,3,3,3,3,3,3,3,3,3
43,1,4,4,3,4,4,4,4,3,3,3,3,3,4,4,4,4,4,5,4,4,3,3,3
56,2,5,4,4,4,4,4,3,3,3,3,3,4,4,4,4,4,4,5,4,4,4,4,4
37,2,5,4,5,5,4,5,3,4,4,4,5,3,4,4,3,4,4,4,4,4,4,4,5
40,2,4,4,5,4,4,4,4,4,4,4,4,3,5,4,5,5,5,5,5,5,5,5,5
46,2,4,5,4,4,4,4,1,1,1,1,2,1,5,2,4,1,4,3,3,4,4,4,4
37,1,4,3,3,3,3,3,4,4,5,4,4,2,3,2,3,3,3,4,3,3,4,4,4
34,1,5,5,4,5,5,4,2,2,5,5,2,4,4,4,4,4,4,4,4,4,3,4,4
45,2,4,4,4,5,5,4,5,5,3,3,4,4,2,4,3,3,3,3,5,4,4,4,4
21,2,4,5,5,5,5,4,5,5,5,5,5,5,5,5,5,5,5,5,5,5,5,5,5
19,1,4,5,5,5,5,4,3,2,2,3,4,5,5,5,4,4,4,5,5,5,3,4,3
20,2,4,5,5,4,4,5,3,3,3,3,3,5,5,5,4,4,4,5,4,4,5,5,5
21,1,4,4,5,5,4,5,5,2,3,3,3,5,5,5,4,4,4,5,5,5,5,5,5
49,1,5,5,5,5,5,5,1,1,1,5,5,5,5,5,5,5,5,5,5,5,5,5,5
48,2,5,5,5,5,5,5,1,1,1,2,3,5,5,5,4,3,5,5,5,5,4,4,4
38,2,5,4,3,4,4,4,3,3,3,3,3,2,4,2,4,4,4,5,4,4,4,4,4
23,2,4,5,5,5,5,5,1,1,1,2,1,5,5,5,5,5,5,5,5,5,5,5,5
18,2,3,5,5,5,5,5,5,5,5,5,5,5,5,5,5,5,5,5,5,5,5,5,5
18,2,3,5,2,2,2,1,2,1,5,5,5,5,5,5,5,5,5,5,5,5,5,5,5
51,2,5,3,5,4,4,4,4,4,3,5,3,4,4,5,4,3,5,5,4,4,3,3,4
42,2,5,5,5,5,5,5,3,1,1,1,5,5,5,5,5,5,5,5,5,5,5,5,5
43,2,4,4,3,4,4,3,2,2,2,2,2,2,2,1,3,3,3,2,3,3,3,3,3
31,1,5,5,5,5,5,4,4,5,4,4,4,5,4,5,4,5,4,5,5,4,4,4,4
